file,arm,method,tau_cov,protein_resolved_cells,accepted_among_resolved,agreement_accepted,agreement_accepted_gateable_preds,n_accepted_resolved
totalvi_pbmc10k_protein_v3,practical,P1,0.1585256159305572,6375,0.9930980392156863,0.8742694676986258,0.9500514933058702,6331
totalvi_pbmc10k_protein_v3,practical,P2,-inf,6375,0.7885490196078432,0.8004774219216232,0.9626794258373206,5027
totalvi_pbmc10k_protein_v3,A,M1,0.0736274719238281,6375,0.9154509803921569,0.7818711446196025,0.9272505588295062,5836
totalvi_pbmc10k_protein_v3,A,M2,0.0335371494293212,6375,0.9374117647058824,0.7879852744310576,0.9206256109481916,5976
totalvi_pbmc10k_protein_v3,A,M3,0.5333333333333333,6375,0.9789803921568627,0.8657266463707739,0.9545936395759718,6241
totalvi_pbmc10k_protein_v3,A,M4,0.7017981242524444,6375,0.9425882352941176,0.9041437843235147,0.9780378037803781,6009
totalvi_pbmc10k_protein_v3,A,M5,0.6155938740732152,6375,0.9510588235294117,0.9035131123206334,0.9792634966035038,6063
totalvi_pbmc10k_protein_v3,A,M6,0.9147273302078248,6375,0.952156862745098,0.8891268533772653,0.9780717651322943,6070
totalvi_pbmc5k_protein_v3,practical,P1,0.1585256159305572,3762,0.9904306220095693,0.8915727321524423,0.9148994767281741,3726
totalvi_pbmc5k_protein_v3,practical,P2,-inf,3762,0.8875598086124402,0.8987720874513327,0.9690022602518567,3339
totalvi_pbmc5k_protein_v3,A,M1,0.0736274719238281,3762,0.8787878787878788,0.6364186327888687,0.9380294248773964,3306
totalvi_pbmc5k_protein_v3,A,M2,0.0335371494293212,3762,0.9090909090909091,0.8032163742690058,0.9343537414965987,3420
totalvi_pbmc5k_protein_v3,A,M3,0.5333333333333333,3762,0.9167995746943115,0.8530008698173384,0.9318973709217612,3449
totalvi_pbmc5k_protein_v3,A,M4,0.7017981242524444,3762,0.8827751196172249,0.9117735621800662,0.9498117942283564,3321
totalvi_pbmc5k_protein_v3,A,M5,0.6155938740732152,3762,0.8958001063264222,0.9189910979228486,0.9570457354758962,3370
totalvi_pbmc5k_protein_v3,A,M6,0.9147273302078248,3762,0.9085592769803296,0.8832650672908133,0.9611588666029927,3418
