role,study,stratum,label_status,cells
platform,Platform_10x3v3,natural,coarser,18
platform,Platform_10x3v3,natural,mapped,923
platform,Platform_10x3v3,natural,outside,21
platform,Platform_10x3v3,natural,unknown,38
platform,Platform_10x5v2,natural,coarser,14
platform,Platform_10x5v2,natural,mapped,923
platform,Platform_10x5v2,natural,outside,32
platform,Platform_10x5v2,natural,unknown,31
platform,Platform_10xgeneexpressionflex,natural,coarser,6
platform,Platform_10xgeneexpressionflex,natural,mapped,930
platform,Platform_10xgeneexpressionflex,natural,outside,37
platform,Platform_10xgeneexpressionflex,natural,unknown,27
platform,Platform_AsteriascRNAseqkit,natural,coarser,1
platform,Platform_AsteriascRNAseqkit,natural,mapped,971
platform,Platform_AsteriascRNAseqkit,natural,outside,12
platform,Platform_AsteriascRNAseqkit,natural,unknown,16
platform,Platform_BDRhapsodyWholeTranscriptomeAnalysis,natural,coarser,24
platform,Platform_BDRhapsodyWholeTranscriptomeAnalysis,natural,mapped,925
platform,Platform_BDRhapsodyWholeTranscriptomeAnalysis,natural,outside,32
platform,Platform_BDRhapsodyWholeTranscriptomeAnalysis,natural,unknown,19
platform,Platform_HIVECLXSingleCellRNAseqSolution,natural,coarser,12
platform,Platform_HIVECLXSingleCellRNAseqSolution,natural,mapped,944
platform,Platform_HIVECLXSingleCellRNAseqSolution,natural,outside,23
platform,Platform_HIVECLXSingleCellRNAseqSolution,natural,unknown,21
platform,Platform_ParseEvercodeWholeTranscriptomev2,natural,coarser,26
platform,Platform_ParseEvercodeWholeTranscriptomev2,natural,mapped,891
platform,Platform_ParseEvercodeWholeTranscriptomev2,natural,outside,22
platform,Platform_ParseEvercodeWholeTranscriptomev2,natural,unknown,61
platform,Platform_ScaleBiosinglecellRNAsequencing,natural,coarser,2
platform,Platform_ScaleBiosinglecellRNAsequencing,natural,mapped,920
platform,Platform_ScaleBiosinglecellRNAsequencing,natural,outside,27
platform,Platform_ScaleBiosinglecellRNAsequencing,natural,unknown,51
platform,Platform_particletemplatedinstantpartitionsequencing,natural,coarser,6
platform,Platform_particletemplatedinstantpartitionsequencing,natural,mapped,910
platform,Platform_particletemplatedinstantpartitionsequencing,natural,outside,23
platform,Platform_particletemplatedinstantpartitionsequencing,natural,unknown,61
test,Glaucoma,natural,coarser,20
test,Glaucoma,natural,mapped,1776
test,Glaucoma,natural,outside,4
test,Glaucoma,rare_topup,mapped,700
test,HIHA,natural,coarser,53
test,HIHA,natural,mapped,7062
test,HIHA,natural,outside,85
test,HIHA,rare_topup,mapped,3266
test,JDM,natural,mapped,3000
test,JDM,rare_topup,mapped,575
test,RA,natural,mapped,7200
test,RA,rare_topup,mapped,1484
validation,ClonalHaem,natural,coarser,14
validation,ClonalHaem,natural,mapped,3997
validation,ClonalHaem,rare_topup,mapped,185
validation,KidneyBlood,natural,mapped,6914
validation,KidneyBlood,natural,outside,50
validation,KidneyBlood,natural,unknown,211
validation,KidneyBlood,rare_topup,mapped,2177
