arm,method,platform,assay,cells,coverage,accepted_error,cross_lineage_share,cross_lineage_rate,closed_set_accuracy
A,M1,Platform_10x3v3,10x 3' v3,923,0.9122426868905742,0.0997624703087886,0.8690476190476191,0.08669833729216152,0.8645720476706392
A,M1,Platform_10x5v2,10x 5' v2,923,0.9479956663055255,0.09714285714285714,0.7294117647058823,0.07085714285714285,0.8840736728060672
A,M1,Platform_10xgeneexpressionflex,10x gene expression flex,930,0.8720430107526882,0.08631319358816276,0.15714285714285714,0.013563501849568433,0.8827956989247312
A,M1,Platform_AsteriascRNAseqkit,Asteria scRNA-seq kit,971,0.9083419155509783,0.17233560090702948,0.6447368421052632,0.1111111111111111,0.800205973223481
A,M1,Platform_BDRhapsodyWholeTranscriptomeAnalysis,BD Rhapsody Whole Transcriptome Analysis,925,0.8962162162162162,0.24004825090470447,0.964824120603015,0.2316043425814234,0.7340540540540541
A,M1,Platform_HIVECLXSingleCellRNAseqSolution,HIVE CLX Single-Cell RNAseq Solution,944,0.923728813559322,0.1353211009174312,0.7288135593220338,0.09862385321100918,0.8389830508474576
A,M1,Platform_ParseEvercodeWholeTranscriptomev2,Parse Evercode Whole Transcriptome v2,891,0.6868686868686869,0.7908496732026143,0.9462809917355371,0.7483660130718954,0.21099887766554434
A,M1,Platform_ScaleBiosinglecellRNAsequencing,ScaleBio single cell RNA sequencing,920,0.7478260869565218,0.7877906976744186,0.9354243542435424,0.7369186046511628,0.22282608695652173
A,M1,Platform_particletemplatedinstantpartitionsequencing,particle-templated instant partition sequencing,910,0.8406593406593407,0.2457516339869281,0.7180851063829787,0.17647058823529413,0.6857142857142857
A,M2,Platform_10x3v3,10x 3' v3,923,0.9479956663055255,0.054857142857142854,0.7083333333333334,0.038857142857142854,0.9263271939328277
A,M2,Platform_10x5v2,10x 5' v2,923,0.9436619718309859,0.07577497129735936,0.5,0.03788748564867968,0.8927410617551462
A,M2,Platform_10xgeneexpressionflex,10x gene expression flex,930,0.9397849462365592,0.10297482837528604,0.8666666666666667,0.08924485125858124,0.8559139784946237
A,M2,Platform_AsteriascRNAseqkit,Asteria scRNA-seq kit,971,0.976313079299691,0.05063291139240506,0.625,0.03164556962025317,0.937178166838311
A,M2,Platform_BDRhapsodyWholeTranscriptomeAnalysis,BD Rhapsody Whole Transcriptome Analysis,925,0.9524324324324325,0.06583427922814983,0.8103448275862069,0.053348467650397274,0.9102702702702703
A,M2,Platform_HIVECLXSingleCellRNAseqSolution,HIVE CLX Single-Cell RNAseq Solution,944,0.9427966101694916,0.09101123595505618,0.691358024691358,0.06292134831460675,0.888771186440678
A,M2,Platform_ParseEvercodeWholeTranscriptomev2,Parse Evercode Whole Transcriptome v2,891,0.9472502805836139,0.052132701421800945,0.9545454545454546,0.04976303317535545,0.9248035914702581
A,M2,Platform_ScaleBiosinglecellRNAsequencing,ScaleBio single cell RNA sequencing,920,0.9467391304347826,0.03214695752009185,0.5,0.016073478760045924,0.9456521739130435
A,M2,Platform_particletemplatedinstantpartitionsequencing,particle-templated instant partition sequencing,910,0.9604395604395605,0.032036613272311214,0.5,0.016018306636155607,0.9527472527472527
A,M3,Platform_10x3v3,10x 3' v3,923,0.9772481040086674,0.05432372505543237,0.40816326530612246,0.022172949002217297,0.9382448537378115
A,M3,Platform_10x5v2,10x 5' v2,923,0.9880823401950163,0.07456140350877193,0.4264705882352941,0.03179824561403509,0.9198266522210184
A,M3,Platform_10xgeneexpressionflex,10x gene expression flex,930,0.967741935483871,0.044444444444444446,0.375,0.016666666666666666,0.9419354838709677
A,M3,Platform_AsteriascRNAseqkit,Asteria scRNA-seq kit,971,0.9907312049433573,0.058212058212058215,0.6428571428571429,0.037422037422037424,0.9361483007209063
A,M3,Platform_BDRhapsodyWholeTranscriptomeAnalysis,BD Rhapsody Whole Transcriptome Analysis,925,0.9924324324324324,0.04030501089324619,0.6486486486486487,0.026143790849673203,0.9578378378378378
A,M3,Platform_HIVECLXSingleCellRNAseqSolution,HIVE CLX Single-Cell RNAseq Solution,944,0.9872881355932204,0.09763948497854077,0.5714285714285714,0.055793991416309016,0.8961864406779662
A,M3,Platform_ParseEvercodeWholeTranscriptomev2,Parse Evercode Whole Transcriptome v2,891,0.9483726150392817,0.009467455621301775,0.5,0.004733727810650888,0.9764309764309764
A,M3,Platform_ScaleBiosinglecellRNAsequencing,ScaleBio single cell RNA sequencing,920,0.9456521739130435,0.017241379310344827,0.4,0.006896551724137931,0.9695652173913043
A,M3,Platform_particletemplatedinstantpartitionsequencing,particle-templated instant partition sequencing,910,0.9791208791208791,0.04040404040404041,0.3333333333333333,0.013468013468013467,0.9527472527472527
A,M4,Platform_10x3v3,10x 3' v3,923,0.9371614301191766,0.03468208092485549,0.4666666666666667,0.016184971098265895,0.9317443120260022
A,M4,Platform_10x5v2,10x 5' v2,923,0.9566630552546046,0.056625141562853906,0.36,0.020385050962627407,0.9219934994582882
A,M4,Platform_10xgeneexpressionflex,10x gene expression flex,930,0.9591397849462365,0.05717488789237668,0.4117647058823529,0.023542600896860985,0.9247311827956989
A,M4,Platform_AsteriascRNAseqkit,Asteria scRNA-seq kit,971,0.9340885684860968,0.06284454244762955,0.631578947368421,0.03969128996692393,0.9186405767250257
A,M4,Platform_BDRhapsodyWholeTranscriptomeAnalysis,BD Rhapsody Whole Transcriptome Analysis,925,0.9578378378378378,0.04853273137697517,0.6976744186046512,0.033860045146726865,0.9297297297297298
A,M4,Platform_HIVECLXSingleCellRNAseqSolution,HIVE CLX Single-Cell RNAseq Solution,944,0.861228813559322,0.1008610086100861,0.6463414634146342,0.06519065190651907,0.8538135593220338
A,M4,Platform_ParseEvercodeWholeTranscriptomev2,Parse Evercode Whole Transcriptome v2,891,0.7463524130190797,0.19097744360902255,0.937007874015748,0.17894736842105263,0.7463524130190797
A,M4,Platform_ScaleBiosinglecellRNAsequencing,ScaleBio single cell RNA sequencing,920,0.7739130434782608,0.11657303370786516,0.8192771084337349,0.09550561797752809,0.8130434782608695
A,M4,Platform_particletemplatedinstantpartitionsequencing,particle-templated instant partition sequencing,910,0.7802197802197802,0.08450704225352113,0.6833333333333333,0.057746478873239436,0.832967032967033
A,M5,Platform_10x3v3,10x 3' v3,923,0.9393282773564464,0.05997693194925029,0.46153846153846156,0.02768166089965398,0.9111592632719393
A,M5,Platform_10x5v2,10x 5' v2,923,0.9707475622968581,0.06361607142857142,0.38596491228070173,0.024553571428571428,0.9165763813651138
A,M5,Platform_10xgeneexpressionflex,10x gene expression flex,930,0.9193548387096774,0.056140350877192984,0.6458333333333334,0.03625730994152047,0.9118279569892473
A,M5,Platform_AsteriascRNAseqkit,Asteria scRNA-seq kit,971,0.8362512873326468,0.0665024630541872,0.7037037037037037,0.046798029556650245,0.893923789907312
A,M5,Platform_BDRhapsodyWholeTranscriptomeAnalysis,BD Rhapsody Whole Transcriptome Analysis,925,0.9005405405405406,0.057623049219687875,0.75,0.04321728691476591,0.9059459459459459
A,M5,Platform_HIVECLXSingleCellRNAseqSolution,HIVE CLX Single-Cell RNAseq Solution,944,0.7298728813559322,0.11030478955007257,0.8026315789473685,0.08853410740203194,0.8061440677966102
A,M5,Platform_ParseEvercodeWholeTranscriptomev2,Parse Evercode Whole Transcriptome v2,891,0.4691358024691358,0.40669856459330145,0.9705882352941176,0.39473684210526316,0.43434343434343436
A,M5,Platform_ScaleBiosinglecellRNAsequencing,ScaleBio single cell RNA sequencing,920,0.6043478260869565,0.31115107913669066,0.953757225433526,0.29676258992805754,0.5521739130434783
A,M5,Platform_particletemplatedinstantpartitionsequencing,particle-templated instant partition sequencing,910,0.8494505494505494,0.33635187580853815,0.9153846153846154,0.3078913324708926,0.6
A,M6,Platform_10x3v3,10x 3' v3,923,0.9360780065005417,0.037037037037037035,0.46875,0.017361111111111112,0.933911159263272
A,M6,Platform_10x5v2,10x 5' v2,923,0.933911159263272,0.06496519721577726,0.5535714285714286,0.03596287703016241,0.8981581798483207
A,M6,Platform_10xgeneexpressionflex,10x gene expression flex,930,0.9344086021505377,0.05868814729574223,0.7254901960784313,0.04257767548906789,0.9086021505376344
A,M6,Platform_AsteriascRNAseqkit,Asteria scRNA-seq kit,971,0.9691040164778579,0.06057385759829968,0.7017543859649122,0.04250797024442083,0.9268795056642637
A,M6,Platform_BDRhapsodyWholeTranscriptomeAnalysis,BD Rhapsody Whole Transcriptome Analysis,925,0.9556756756756757,0.04072398190045249,0.6388888888888888,0.026018099547511313,0.9416216216216217
A,M6,Platform_HIVECLXSingleCellRNAseqSolution,HIVE CLX Single-Cell RNAseq Solution,944,0.9279661016949152,0.0639269406392694,0.6428571428571429,0.0410958904109589,0.909957627118644
A,M6,Platform_ParseEvercodeWholeTranscriptomev2,Parse Evercode Whole Transcriptome v2,891,0.8933782267115601,0.018844221105527637,0.8,0.01507537688442211,0.9438832772166106
A,M6,Platform_ScaleBiosinglecellRNAsequencing,ScaleBio single cell RNA sequencing,920,0.9195652173913044,0.018912529550827423,0.5,0.009456264775413711,0.95
A,M6,Platform_particletemplatedinstantpartitionsequencing,particle-templated instant partition sequencing,910,0.9538461538461539,0.03571428571428571,0.45161290322580644,0.016129032258064516,0.9439560439560439
B,M1,Platform_10x3v3,10x 3' v3,904,0.8904867256637168,0.11055900621118013,0.8764044943820225,0.0968944099378882,0.8462389380530974
B,M1,Platform_10x5v2,10x 5' v2,900,0.9222222222222223,0.09879518072289156,0.6585365853658537,0.06506024096385542,0.87
B,M1,Platform_10xgeneexpressionflex,10x gene expression flex,914,0.9059080962800875,0.15338164251207728,0.07086614173228346,0.010869565217391304,0.8271334792122538
B,M1,Platform_AsteriascRNAseqkit,Asteria scRNA-seq kit,953,0.9118572927597062,0.13118527042577677,0.8771929824561403,0.11507479861910241,0.8331584470094439
B,M1,Platform_BDRhapsodyWholeTranscriptomeAnalysis,BD Rhapsody Whole Transcriptome Analysis,918,0.8758169934640523,0.29850746268656714,0.9333333333333333,0.27860696517412936,0.6808278867102396
B,M1,Platform_HIVECLXSingleCellRNAseqSolution,HIVE CLX Single-Cell RNAseq Solution,928,0.8997844827586207,0.15568862275449102,0.6692307692307692,0.10419161676646707,0.8060344827586207
B,M1,Platform_ParseEvercodeWholeTranscriptomev2,Parse Evercode Whole Transcriptome v2,872,0.7201834862385321,0.8455414012738853,0.9472693032015066,0.8009554140127388,0.1651376146788991
B,M1,Platform_ScaleBiosinglecellRNAsequencing,ScaleBio single cell RNA sequencing,903,0.7153931339977851,0.8328173374613003,0.9219330855018587,0.7678018575851393,0.17054263565891473
B,M1,Platform_particletemplatedinstantpartitionsequencing,particle-templated instant partition sequencing,888,0.8209459459459459,0.2194787379972565,0.725,0.15912208504801098,0.704954954954955
B,M2,Platform_10x3v3,10x 3' v3,904,0.9480088495575221,0.051341890315052506,0.6136363636363636,0.03150525087514586,0.9347345132743363
B,M2,Platform_10x5v2,10x 5' v2,900,0.9511111111111111,0.06775700934579439,0.4482758620689655,0.030373831775700934,0.9044444444444445
B,M2,Platform_10xgeneexpressionflex,10x gene expression flex,914,0.9431072210065645,0.10324825986078887,0.8876404494382022,0.09164733178654293,0.8643326039387309
B,M2,Platform_AsteriascRNAseqkit,Asteria scRNA-seq kit,953,0.974816369359916,0.04736275565123789,0.5909090909090909,0.02798708288482239,0.9412381951731374
B,M2,Platform_BDRhapsodyWholeTranscriptomeAnalysis,BD Rhapsody Whole Transcriptome Analysis,918,0.9564270152505446,0.05694760820045558,0.78,0.04441913439635535,0.9215686274509803
B,M2,Platform_HIVECLXSingleCellRNAseqSolution,HIVE CLX Single-Cell RNAseq Solution,928,0.9418103448275862,0.08352402745995423,0.6575342465753424,0.05491990846681922,0.8922413793103449
B,M2,Platform_ParseEvercodeWholeTranscriptomev2,Parse Evercode Whole Transcriptome v2,872,0.9461009174311926,0.03636363636363636,0.9666666666666667,0.03515151515151515,0.9495412844036697
B,M2,Platform_ScaleBiosinglecellRNAsequencing,ScaleBio single cell RNA sequencing,903,0.9424141749723145,0.023501762632197415,0.45,0.010575793184488837,0.9512735326688815
B,M2,Platform_particletemplatedinstantpartitionsequencing,particle-templated instant partition sequencing,888,0.9594594594594594,0.03873239436619718,0.45454545454545453,0.017605633802816902,0.9493243243243243
B,M3,Platform_10x3v3,10x 3' v3,904,0.9679203539823009,0.044571428571428574,0.48717948717948717,0.021714285714285714,0.9424778761061947
B,M3,Platform_10x5v2,10x 5' v2,900,0.9744444444444444,0.06499429874572406,0.42105263157894735,0.027366020524515394,0.9211111111111111
B,M3,Platform_10xgeneexpressionflex,10x gene expression flex,914,0.9573304157549234,0.026285714285714287,0.5217391304347826,0.013714285714285714,0.9573304157549234
B,M3,Platform_AsteriascRNAseqkit,Asteria scRNA-seq kit,953,0.9842602308499475,0.05650319829424307,0.660377358490566,0.03731343283582089,0.9349422875131165
B,M3,Platform_BDRhapsodyWholeTranscriptomeAnalysis,BD Rhapsody Whole Transcriptome Analysis,918,0.9825708061002179,0.041019955654102,0.6486486486486487,0.026607538802660754,0.9520697167755992
B,M3,Platform_HIVECLXSingleCellRNAseqSolution,HIVE CLX Single-Cell RNAseq Solution,928,0.9752155172413793,0.09060773480662983,0.5975609756097561,0.05414364640883978,0.9051724137931034
B,M3,Platform_ParseEvercodeWholeTranscriptomev2,Parse Evercode Whole Transcriptome v2,872,0.8922018348623854,0.0038560411311053984,0.6666666666666666,0.002570694087403599,0.9655963302752294
B,M3,Platform_ScaleBiosinglecellRNAsequencing,ScaleBio single cell RNA sequencing,903,0.8914728682170543,0.011180124223602485,0.3333333333333333,0.0037267080745341614,0.9634551495016611
B,M3,Platform_particletemplatedinstantpartitionsequencing,particle-templated instant partition sequencing,888,0.9256756756756757,0.0364963503649635,0.4,0.014598540145985401,0.9459459459459459
B,M4,Platform_10x3v3,10x 3' v3,904,0.9446902654867256,0.02810304449648712,0.3333333333333333,0.00936768149882904,0.9457964601769911
B,M4,Platform_10x5v2,10x 5' v2,900,0.9577777777777777,0.0568445475638051,0.3469387755102041,0.019721577726218097,0.9266666666666666
B,M4,Platform_10xgeneexpressionflex,10x gene expression flex,914,0.9562363238512035,0.038901601830663615,0.5882352941176471,0.02288329519450801,0.9452954048140044
B,M4,Platform_AsteriascRNAseqkit,Asteria scRNA-seq kit,953,0.9286463798530955,0.05423728813559322,0.6458333333333334,0.03502824858757062,0.9139559286463799
B,M4,Platform_BDRhapsodyWholeTranscriptomeAnalysis,BD Rhapsody Whole Transcriptome Analysis,918,0.9466230936819172,0.04487917146144994,0.6410256410256411,0.028768699654775604,0.9433551198257081
B,M4,Platform_HIVECLXSingleCellRNAseqSolution,HIVE CLX Single-Cell RNAseq Solution,928,0.8502155172413793,0.08238276299112801,0.6461538461538462,0.053231939163498096,0.8663793103448276
B,M4,Platform_ParseEvercodeWholeTranscriptomev2,Parse Evercode Whole Transcriptome v2,872,0.75,0.08409785932721713,0.9090909090909091,0.0764525993883792,0.8360091743119266
B,M4,Platform_ScaleBiosinglecellRNAsequencing,ScaleBio single cell RNA sequencing,903,0.7663344407530454,0.05491329479768786,0.6842105263157895,0.03757225433526012,0.8715393133997785
B,M4,Platform_particletemplatedinstantpartitionsequencing,particle-templated instant partition sequencing,888,0.7747747747747747,0.06395348837209303,0.5,0.03197674418604651,0.8682432432432432
B,M5,Platform_10x3v3,10x 3' v3,904,0.9358407079646017,0.0508274231678487,0.37209302325581395,0.018912529550827423,0.9214601769911505
B,M5,Platform_10x5v2,10x 5' v2,900,0.9644444444444444,0.06566820276497695,0.3684210526315789,0.024193548387096774,0.9144444444444444
B,M5,Platform_10xgeneexpressionflex,10x gene expression flex,914,0.9398249452954048,0.04190919674039581,0.8055555555555556,0.033760186263096625,0.936542669584245
B,M5,Platform_AsteriascRNAseqkit,Asteria scRNA-seq kit,953,0.8237145855194123,0.05987261146496815,0.723404255319149,0.04331210191082802,0.9013641133263379
B,M5,Platform_BDRhapsodyWholeTranscriptomeAnalysis,BD Rhapsody Whole Transcriptome Analysis,918,0.8823529411764706,0.05308641975308642,0.7441860465116279,0.03950617283950617,0.9052287581699346
B,M5,Platform_HIVECLXSingleCellRNAseqSolution,HIVE CLX Single-Cell RNAseq Solution,928,0.7133620689655172,0.09667673716012085,0.703125,0.06797583081570997,0.8243534482758621
B,M5,Platform_ParseEvercodeWholeTranscriptomev2,Parse Evercode Whole Transcriptome v2,872,0.44954128440366975,0.29081632653061223,0.9385964912280702,0.2729591836734694,0.5080275229357798
B,M5,Platform_ScaleBiosinglecellRNAsequencing,ScaleBio single cell RNA sequencing,903,0.6035437430786268,0.28256880733944956,0.935064935064935,0.26422018348623855,0.5780730897009967
B,M5,Platform_particletemplatedinstantpartitionsequencing,particle-templated instant partition sequencing,888,0.8490990990990991,0.34748010610079577,0.8244274809160306,0.2864721485411141,0.5923423423423423
B,M6,Platform_10x3v3,10x 3' v3,904,0.9502212389380531,0.0640279394644936,0.6727272727272727,0.04307334109429569,0.9126106194690266
B,M6,Platform_10x5v2,10x 5' v2,900,0.9444444444444444,0.06470588235294118,0.509090909090909,0.03294117647058824,0.9122222222222223
B,M6,Platform_10xgeneexpressionflex,10x gene expression flex,914,0.9551422319474836,0.09049255441008018,0.9113924050632911,0.08247422680412371,0.8840262582056893
B,M6,Platform_AsteriascRNAseqkit,Asteria scRNA-seq kit,953,0.9611752360965372,0.05131004366812227,0.7021276595744681,0.036026200873362446,0.9359916054564533
B,M6,Platform_BDRhapsodyWholeTranscriptomeAnalysis,BD Rhapsody Whole Transcriptome Analysis,918,0.9509803921568627,0.06758304696449026,0.7966101694915254,0.053837342497136315,0.9084967320261438
B,M6,Platform_HIVECLXSingleCellRNAseqSolution,HIVE CLX Single-Cell RNAseq Solution,928,0.9224137931034483,0.08060747663551401,0.7681159420289855,0.06191588785046729,0.8803879310344828
B,M6,Platform_ParseEvercodeWholeTranscriptomev2,Parse Evercode Whole Transcriptome v2,872,0.9105504587155964,0.08816120906801007,0.9285714285714286,0.0818639798488665,0.8738532110091743
B,M6,Platform_ScaleBiosinglecellRNAsequencing,ScaleBio single cell RNA sequencing,903,0.9213732004429679,0.056490384615384616,0.7659574468085106,0.04326923076923077,0.9069767441860465
B,M6,Platform_particletemplatedinstantpartitionsequencing,particle-templated instant partition sequencing,888,0.9403153153153153,0.04790419161676647,0.75,0.03592814371257485,0.9256756756756757
practical,P1,Platform_10x3v3,10x 3' v3,923,0.9772481040086674,0.04212860310421286,0.42105263157894735,0.017738359201773836,0.9501625135427952
practical,P1,Platform_10x5v2,10x 5' v2,923,0.980498374864572,0.05082872928176796,0.30434782608695654,0.015469613259668509,0.9371614301191766
practical,P1,Platform_10xgeneexpressionflex,10x gene expression flex,930,0.9376344086021505,0.03211009174311927,0.35714285714285715,0.011467889908256881,0.9344086021505377
practical,P1,Platform_AsteriascRNAseqkit,Asteria scRNA-seq kit,971,0.9660144181256437,0.07782515991471216,0.7397260273972602,0.057569296375266525,0.9042224510813595
practical,P1,Platform_BDRhapsodyWholeTranscriptomeAnalysis,BD Rhapsody Whole Transcriptome Analysis,925,0.9751351351351352,0.04878048780487805,0.5454545454545454,0.026607538802660754,0.9448648648648649
practical,P1,Platform_HIVECLXSingleCellRNAseqSolution,HIVE CLX Single-Cell RNAseq Solution,944,0.8294491525423728,0.10217113665389528,0.5375,0.05491698595146871,0.8336864406779662
practical,P1,Platform_ParseEvercodeWholeTranscriptomev2,Parse Evercode Whole Transcriptome v2,891,0.8787878787878788,0.017879948914431672,0.21428571428571427,0.0038314176245210726,0.9528619528619529
practical,P1,Platform_ScaleBiosinglecellRNAsequencing,ScaleBio single cell RNA sequencing,920,0.9456521739130435,0.016091954022988506,0.35714285714285715,0.005747126436781609,0.9652173913043478
practical,P1,Platform_particletemplatedinstantpartitionsequencing,particle-templated instant partition sequencing,910,0.9835164835164835,0.08826815642458101,0.6962025316455697,0.061452513966480445,0.9032967032967033
practical,P2,Platform_10x3v3,10x 3' v3,923,0.8689057421451788,0.09102244389027432,0.7397260273972602,0.06733167082294264,0.789815817984832
practical,P2,Platform_10x5v2,10x 5' v2,923,0.9295774647887324,0.06643356643356643,0.45614035087719296,0.030303030303030304,0.8678223185265439
practical,P2,Platform_10xgeneexpressionflex,10x gene expression flex,930,0.5827956989247312,0.12177121771217712,0.7424242424242424,0.09040590405904059,0.5118279569892473
practical,P2,Platform_AsteriascRNAseqkit,Asteria scRNA-seq kit,971,0.937178166838311,0.07142857142857142,0.7538461538461538,0.05384615384615385,0.870236869207003
practical,P2,Platform_BDRhapsodyWholeTranscriptomeAnalysis,BD Rhapsody Whole Transcriptome Analysis,925,0.907027027027027,0.05125148986889154,0.7209302325581395,0.03694874851013111,0.8605405405405405
practical,P2,Platform_HIVECLXSingleCellRNAseqSolution,HIVE CLX Single-Cell RNAseq Solution,944,0.8633474576271186,0.09938650306748466,0.6172839506172839,0.06134969325153374,0.777542372881356
practical,P2,Platform_ParseEvercodeWholeTranscriptomev2,Parse Evercode Whole Transcriptome v2,891,0.1941638608305275,0.32947976878612717,0.9122807017543859,0.30057803468208094,0.13019079685746351
practical,P2,Platform_ScaleBiosinglecellRNAsequencing,ScaleBio single cell RNA sequencing,920,0.1793478260869565,0.3878787878787879,0.953125,0.3696969696969697,0.10978260869565218
practical,P2,Platform_particletemplatedinstantpartitionsequencing,particle-templated instant partition sequencing,910,0.7175824175824176,0.3614088820826952,0.902542372881356,0.32618683001531396,0.4582417582417582
