arm,method,vs,metric,mean_diff,ci95_lo,ci95_hi
A,M1,A:M4,coverage@OPcov,0.0586760955452919,0.03406023532152176,0.08659300655126571
A,M1,A:M4,accepted_error@OPcov,0.3080242080911994,0.28605756219476464,0.330935812741518
A,M1,A:M4,coverage@OPerr,0.14668775564059616,0.12495774636045098,0.16855046916753053
A,M1,A:M4,accepted_error@OPerr,0.16425044751167298,0.10866138357669115,0.22726794444024562
A,M1,A:M4,macro_f1_closed,-0.19671811059005664,-0.2125579378301618,-0.17921837122599285
A,M1,A:M4,unknown_false_accept@OPcov,0.5282856051807955,0.0,0.7368421107530594
A,M1,A:M4,cross_lineage_rate@OPcov,0.22766011014394463,0.2047803000546992,0.2533924877643585
A,M2,A:M4,coverage@OPcov,0.04990041500329971,0.03558841049671173,0.06544369757175446
A,M2,A:M4,accepted_error@OPcov,0.10675165959447622,0.09378246236592531,0.12060585897415876
A,M2,A:M4,coverage@OPerr,0.37278922664746644,0.33881161389872433,0.40914024524390696
A,M2,A:M4,accepted_error@OPerr,0.0323043689597398,0.02621761951595545,0.03890690766274929
A,M2,A:M4,macro_f1_closed,-0.0655813641400533,-0.07742343541440058,-0.053306681686710676
A,M2,A:M4,unknown_false_accept@OPcov,0.3773468473427492,0.0,0.52631576359272
A,M2,A:M4,cross_lineage_rate@OPcov,0.030788144944235683,0.02246343670412898,0.039243147335946554
A,M3,A:M4,coverage@OPcov,0.07000494712591171,0.056892594695091246,0.083542500436306
A,M3,A:M4,accepted_error@OPcov,0.0363584720492363,0.028320210799574853,0.044075872376561166
A,M3,A:M4,coverage@OPerr,,,
A,M3,A:M4,accepted_error@OPerr,,,
A,M3,A:M4,macro_f1_closed,-0.0021464112186287765,-0.010905601208265295,0.006987943814143639
A,M3,A:M4,unknown_false_accept@OPcov,0.05657120186247324,-1.0,0.4736842066049576
A,M3,A:M4,cross_lineage_rate@OPcov,0.007225773219019175,0.0016347946599125861,0.012557221762835977
A,M5,A:M4,coverage@OPcov,-0.018289356648921968,-0.02797323763370514,-0.008729414641857147
A,M5,A:M4,accepted_error@OPcov,0.0021764405444264414,-0.0018264001235365867,0.005937759950757027
A,M5,A:M4,coverage@OPerr,0.020596795205026865,0.015962443314492702,0.02552652023732662
A,M5,A:M4,accepted_error@OPerr,0.009842631789448206,0.002966812759405002,0.01835522050969302
A,M5,A:M4,macro_f1_closed,-0.0048264177887818015,-0.012919452282817398,0.002966559580046049
A,M5,A:M4,unknown_false_accept@OPcov,-0.20757160270139063,-1.0,0.10526315867900848
A,M5,A:M4,cross_lineage_rate@OPcov,0.002411221470683813,0.0004852181300520897,0.004461264330893755
A,M6,A:M4,coverage@OPcov,0.06600499099493026,0.045893558859825136,0.08930822610855102
A,M6,A:M4,accepted_error@OPcov,0.02816600012034178,0.020507791452109812,0.03618797361850738
A,M6,A:M4,coverage@OPerr,,,
A,M6,A:M4,accepted_error@OPerr,,,
A,M6,A:M4,macro_f1_closed,-0.002376178400736296,-0.015434513077548897,0.012396713480341777
A,M6,A:M4,unknown_false_accept@OPcov,-0.16983691481042235,-1.0,0.15789474546909332
A,M6,A:M4,cross_lineage_rate@OPcov,0.022310011545196174,0.01434739474207163,0.03135546222329139
B,M1,B:M4,coverage@OPcov,0.03752168452739715,0.012568899989128114,0.06400656402111052
B,M1,B:M4,accepted_error@OPcov,0.31819993669912217,0.2936339367181063,0.3423022530972958
B,M1,B:M4,coverage@OPerr,-0.05035412166826427,-0.057684107962995765,-0.04278747737407684
B,M1,B:M4,accepted_error@OPerr,0.05464217258739518,0.018163117892981973,0.10089003710309043
B,M1,B:M4,macro_f1_closed,-0.14827769715105463,-0.15955288992119632,-0.13820460614595576
B,M1,B:M4,unknown_false_accept@OPcov,0.07463007420301437,0.04020867347717285,0.10661807507276533
B,M1,B:M4,cross_lineage_rate@OPcov,0.23610653388872743,0.2094869482330978,0.26508127758279443
B,M2,B:M4,coverage@OPcov,0.029377789735794066,0.014842754602432251,0.042640767991542816
B,M2,B:M4,accepted_error@OPcov,0.09940562353655696,0.0857061941176653,0.11373914685100317
B,M2,B:M4,coverage@OPerr,0.36515411303937434,0.32979576420038936,0.4011755783110857
B,M2,B:M4,accepted_error@OPerr,0.023726428488560488,0.018673424667213112,0.029146834509447217
B,M2,B:M4,macro_f1_closed,-0.07492689383498208,-0.08649656702054255,-0.06308097149443799
B,M2,B:M4,unknown_false_accept@OPcov,0.1458261440396309,0.1166060894727707,0.17380533516407012
B,M2,B:M4,cross_lineage_rate@OPcov,0.024543645437806846,0.017802927922457457,0.03162234919145703
B,M3,B:M4,coverage@OPcov,0.03161742550134659,0.009835773706436157,0.051287508010864256
B,M3,B:M4,accepted_error@OPcov,0.016733075905591248,0.007629220001399518,0.024363569542765615
B,M3,B:M4,coverage@OPerr,,,
B,M3,B:M4,accepted_error@OPerr,,,
B,M3,B:M4,macro_f1_closed,-0.00976858008530959,-0.016234570130090893,-0.0038734943548793394
B,M3,B:M4,unknown_false_accept@OPcov,0.2340012487769127,0.20487021207809447,0.261086668074131
B,M3,B:M4,cross_lineage_rate@OPcov,0.0035911632981151342,-0.0032817942555993795,0.009260403364896773
B,M5,B:M4,coverage@OPcov,-0.015251432836055756,-0.02678399235010147,-0.00414155274629593
B,M5,B:M4,accepted_error@OPcov,0.0049211537949740885,0.002399857901036739,0.007364133931696415
B,M5,B:M4,coverage@OPerr,0.014609284929931163,0.006693678721785545,0.02478390168398618
B,M5,B:M4,accepted_error@OPerr,0.0018845812486251816,0.00016926497046370058,0.003911186632467433
B,M5,B:M4,macro_f1_closed,-0.009811380179643276,-0.015838942976460203,-0.004966137141841984
B,M5,B:M4,unknown_false_accept@OPcov,0.1744323573112488,0.14332592040300368,0.20506591200828553
B,M5,B:M4,cross_lineage_rate@OPcov,0.004276098849251867,0.0014712081290781498,0.007124155480414628
B,M6,B:M4,coverage@OPcov,0.02481040281057358,0.01321762502193451,0.03703767508268356
B,M6,B:M4,accepted_error@OPcov,0.1356909622810781,0.11168850194662809,0.1622113162651658
B,M6,B:M4,coverage@OPerr,,,
B,M6,B:M4,accepted_error@OPerr,,,
B,M6,B:M4,macro_f1_closed,-0.04003146626410062,-0.04950824113841412,-0.031130354540536743
B,M6,B:M4,unknown_false_accept@OPcov,0.23108159345388413,0.2038422167301178,0.25967486947774887
B,M6,B:M4,cross_lineage_rate@OPcov,0.12125817939266563,0.09683765918016433,0.14842708939686416
practical,P1,A:M4,coverage@OPcov,0.06630048394203186,0.04984721839427948,0.08593904823064803
practical,P1,A:M4,accepted_error@OPcov,0.05886676795035601,0.0489341925829649,0.07089711185544728
practical,P1,A:M4,coverage@OPerr,0.32761289494857193,0.3019664970226586,0.35801972839981316
practical,P1,A:M4,accepted_error@OPerr,0.03426847012713551,0.026508022053167223,0.04175954759120941
practical,P1,A:M4,macro_f1_closed,-0.07682485454934816,-0.09446033614319417,-0.060051290444516986
practical,P1,A:M4,unknown_false_accept@OPcov,0.1697752497987971,-1.0,0.6315789371728897
practical,P1,A:M4,cross_lineage_rate@OPcov,0.03435391947813332,0.025825751852244137,0.04327160408720374
practical,P2,A:M4,coverage@OPcov,0.0305501127243042,0.014641101658344268,0.047774709761142724
practical,P2,A:M4,accepted_error@OPcov,0.07225705464929343,0.05603549685329199,0.08959955442696808
practical,P2,A:M4,coverage@OPerr,-0.04195399734936654,-0.049461904063355176,-0.03541187790688127
practical,P2,A:M4,accepted_error@OPerr,0.043401217091828585,0.0,0.10419407654553649
practical,P2,A:M4,macro_f1_closed,-0.010054406488166521,-0.022992580561820304,0.002673985478074935
practical,P2,A:M4,unknown_false_accept@OPcov,0.6414896531171194,0.0,0.8947368413209915
practical,P2,A:M4,cross_lineage_rate@OPcov,0.04512114167399704,0.03154043396934867,0.05888941511511803
