arm,method,metric,nan_replicates
A,M1,coverage@OPcov,0
A,M1,accepted_error@OPcov,0
A,M1,coverage@OPerr,0
A,M1,accepted_error@OPerr,0
A,M1,macro_f1_closed,0
A,M1,unknown_false_accept@OPcov,126
A,M1,cross_lineage_rate@OPcov,0
A,M2,coverage@OPcov,0
A,M2,accepted_error@OPcov,0
A,M2,coverage@OPerr,0
A,M2,accepted_error@OPerr,0
A,M2,macro_f1_closed,0
A,M2,unknown_false_accept@OPcov,126
A,M2,cross_lineage_rate@OPcov,0
A,M3,coverage@OPcov,0
A,M3,accepted_error@OPcov,0
A,M3,coverage@OPerr,1000
A,M3,accepted_error@OPerr,1000
A,M3,macro_f1_closed,0
A,M3,unknown_false_accept@OPcov,126
A,M3,cross_lineage_rate@OPcov,0
A,M4,coverage@OPcov,0
A,M4,accepted_error@OPcov,0
A,M4,coverage@OPerr,0
A,M4,accepted_error@OPerr,0
A,M4,macro_f1_closed,0
A,M4,unknown_false_accept@OPcov,126
A,M4,cross_lineage_rate@OPcov,0
A,M5,coverage@OPcov,0
A,M5,accepted_error@OPcov,0
A,M5,coverage@OPerr,0
A,M5,accepted_error@OPerr,0
A,M5,macro_f1_closed,0
A,M5,unknown_false_accept@OPcov,126
A,M5,cross_lineage_rate@OPcov,0
A,M6,coverage@OPcov,0
A,M6,accepted_error@OPcov,0
A,M6,coverage@OPerr,1000
A,M6,accepted_error@OPerr,1000
A,M6,macro_f1_closed,0
A,M6,unknown_false_accept@OPcov,126
A,M6,cross_lineage_rate@OPcov,0
B,M1,coverage@OPcov,0
B,M1,accepted_error@OPcov,0
B,M1,coverage@OPerr,0
B,M1,accepted_error@OPerr,0
B,M1,macro_f1_closed,0
B,M1,unknown_false_accept@OPcov,0
B,M1,cross_lineage_rate@OPcov,0
B,M2,coverage@OPcov,0
B,M2,accepted_error@OPcov,0
B,M2,coverage@OPerr,0
B,M2,accepted_error@OPerr,0
B,M2,macro_f1_closed,0
B,M2,unknown_false_accept@OPcov,0
B,M2,cross_lineage_rate@OPcov,0
B,M3,coverage@OPcov,0
B,M3,accepted_error@OPcov,0
B,M3,coverage@OPerr,1000
B,M3,accepted_error@OPerr,1000
B,M3,macro_f1_closed,0
B,M3,unknown_false_accept@OPcov,0
B,M3,cross_lineage_rate@OPcov,0
B,M4,coverage@OPcov,0
B,M4,accepted_error@OPcov,0
B,M4,coverage@OPerr,0
B,M4,accepted_error@OPerr,0
B,M4,macro_f1_closed,0
B,M4,unknown_false_accept@OPcov,0
B,M4,cross_lineage_rate@OPcov,0
B,M5,coverage@OPcov,0
B,M5,accepted_error@OPcov,0
B,M5,coverage@OPerr,0
B,M5,accepted_error@OPerr,0
B,M5,macro_f1_closed,0
B,M5,unknown_false_accept@OPcov,0
B,M5,cross_lineage_rate@OPcov,0
B,M6,coverage@OPcov,0
B,M6,accepted_error@OPcov,0
B,M6,coverage@OPerr,1000
B,M6,accepted_error@OPerr,1000
B,M6,macro_f1_closed,0
B,M6,unknown_false_accept@OPcov,0
B,M6,cross_lineage_rate@OPcov,0
practical,P1,coverage@OPcov,0
practical,P1,accepted_error@OPcov,0
practical,P1,coverage@OPerr,0
practical,P1,accepted_error@OPerr,0
practical,P1,macro_f1_closed,0
practical,P1,unknown_false_accept@OPcov,126
practical,P1,cross_lineage_rate@OPcov,0
practical,P2,coverage@OPcov,0
practical,P2,accepted_error@OPcov,0
practical,P2,coverage@OPerr,0
practical,P2,accepted_error@OPerr,0
practical,P2,macro_f1_closed,0
practical,P2,unknown_false_accept@OPcov,126
practical,P2,cross_lineage_rate@OPcov,0
